GEO.id,GEO.id2,GEO.display-label,HD01_VD01,HD02_VD01
Id,Id2,Geography,Estimate; Total,Margin of Error; Total
1500000US360850003000,360850003000,"Block Group 0, Census Tract 3, Richmond County, New York",0,11
1500000US360850003001,360850003001,"Block Group 1, Census Tract 3, Richmond County, New York",911,166
1500000US360850003002,360850003002,"Block Group 2, Census Tract 3, Richmond County, New York",1008,194
1500000US360850006000,360850006000,"Block Group 0, Census Tract 6, Richmond County, New York",0,11
1500000US360850006001,360850006001,"Block Group 1, Census Tract 6, Richmond County, New York",363,146
1500000US360850006002,360850006002,"Block Group 2, Census Tract 6, Richmond County, New York",1841,242
1500000US360850007000,360850007000,"Block Group 0, Census Tract 7, Richmond County, New York",0,11
1500000US360850007001,360850007001,"Block Group 1, Census Tract 7, Richmond County, New York",2206,847
1500000US360850007002,360850007002,"Block Group 2, Census Tract 7, Richmond County, New York",731,320
1500000US360850007003,360850007003,"Block Group 3, Census Tract 7, Richmond County, New York",1223,589
1500000US360850007004,360850007004,"Block Group 4, Census Tract 7, Richmond County, New York",2068,532
1500000US360850008001,360850008001,"Block Group 1, Census Tract 8, Richmond County, New York",1407,367
1500000US360850008002,360850008002,"Block Group 2, Census Tract 8, Richmond County, New York",2098,406
1500000US360850008003,360850008003,"Block Group 3, Census Tract 8, Richmond County, New York",2157,411
1500000US360850009001,360850009001,"Block Group 1, Census Tract 9, Richmond County, New York",679,135
1500000US360850009002,360850009002,"Block Group 2, Census Tract 9, Richmond County, New York",1045,259
1500000US360850011001,360850011001,"Block Group 1, Census Tract 11, Richmond County, New York",1205,358
1500000US360850011002,360850011002,"Block Group 2, Census Tract 11, Richmond County, New York",841,308
1500000US360850011003,360850011003,"Block Group 3, Census Tract 11, Richmond County, New York",1128,391
1500000US360850017001,360850017001,"Block Group 1, Census Tract 17, Richmond County, New York",692,222
1500000US360850017002,360850017002,"Block Group 2, Census Tract 17, Richmond County, New York",808,214
1500000US360850018000,360850018000,"Block Group 0, Census Tract 18, Richmond County, New York",0,11
1500000US360850018001,360850018001,"Block Group 1, Census Tract 18, Richmond County, New York",584,118
1500000US360850020011,360850020011,"Block Group 1, Census Tract 20.01, Richmond County, New York",1149,184
1500000US360850020012,360850020012,"Block Group 2, Census Tract 20.01, Richmond County, New York",1435,280
1500000US360850020021,360850020021,"Block Group 1, Census Tract 20.02, Richmond County, New York",2449,284
1500000US360850020022,360850020022,"Block Group 2, Census Tract 20.02, Richmond County, New York",946,263
1500000US360850021000,360850021000,"Block Group 0, Census Tract 21, Richmond County, New York",0,11
1500000US360850021001,360850021001,"Block Group 1, Census Tract 21, Richmond County, New York",1379,417
1500000US360850021002,360850021002,"Block Group 2, Census Tract 21, Richmond County, New York",977,357
1500000US360850021003,360850021003,"Block Group 3, Census Tract 21, Richmond County, New York",1929,469
1500000US360850027001,360850027001,"Block Group 1, Census Tract 27, Richmond County, New York",2186,258
1500000US360850029001,360850029001,"Block Group 1, Census Tract 29, Richmond County, New York",1193,472
1500000US360850029002,360850029002,"Block Group 2, Census Tract 29, Richmond County, New York",2398,464
1500000US360850029003,360850029003,"Block Group 3, Census Tract 29, Richmond County, New York",858,346
1500000US360850029004,360850029004,"Block Group 4, Census Tract 29, Richmond County, New York",788,325
1500000US360850033001,360850033001,"Block Group 1, Census Tract 33, Richmond County, New York",1360,314
1500000US360850033002,360850033002,"Block Group 2, Census Tract 33, Richmond County, New York",2348,411
1500000US360850036001,360850036001,"Block Group 1, Census Tract 36, Richmond County, New York",1531,332
1500000US360850036002,360850036002,"Block Group 2, Census Tract 36, Richmond County, New York",1058,257
1500000US360850039001,360850039001,"Block Group 1, Census Tract 39, Richmond County, New York",779,236
1500000US360850039002,360850039002,"Block Group 2, Census Tract 39, Richmond County, New York",1611,295
1500000US360850040001,360850040001,"Block Group 1, Census Tract 40, Richmond County, New York",1516,639
1500000US360850040002,360850040002,"Block Group 2, Census Tract 40, Richmond County, New York",3288,927
1500000US360850040003,360850040003,"Block Group 3, Census Tract 40, Richmond County, New York",2757,796
1500000US360850040004,360850040004,"Block Group 4, Census Tract 40, Richmond County, New York",1313,453
1500000US360850040005,360850040005,"Block Group 5, Census Tract 40, Richmond County, New York",948,423
1500000US360850040006,360850040006,"Block Group 6, Census Tract 40, Richmond County, New York",1084,614
1500000US360850040007,360850040007,"Block Group 7, Census Tract 40, Richmond County, New York",1443,673
1500000US360850047001,360850047001,"Block Group 1, Census Tract 47, Richmond County, New York",2529,408
1500000US360850047002,360850047002,"Block Group 2, Census Tract 47, Richmond County, New York",660,169
1500000US360850050001,360850050001,"Block Group 1, Census Tract 50, Richmond County, New York",1921,320
1500000US360850050002,360850050002,"Block Group 2, Census Tract 50, Richmond County, New York",1113,250
1500000US360850050003,360850050003,"Block Group 3, Census Tract 50, Richmond County, New York",829,282
1500000US360850059001,360850059001,"Block Group 1, Census Tract 59, Richmond County, New York",1481,218
1500000US360850059002,360850059002,"Block Group 2, Census Tract 59, Richmond County, New York",1530,274
1500000US360850064001,360850064001,"Block Group 1, Census Tract 64, Richmond County, New York",629,196
1500000US360850064002,360850064002,"Block Group 2, Census Tract 64, Richmond County, New York",906,244
1500000US360850064003,360850064003,"Block Group 3, Census Tract 64, Richmond County, New York",1846,307
1500000US360850067001,360850067001,"Block Group 1, Census Tract 67, Richmond County, New York",863,226
1500000US360850067002,360850067002,"Block Group 2, Census Tract 67, Richmond County, New York",982,255
1500000US360850067003,360850067003,"Block Group 3, Census Tract 67, Richmond County, New York",706,166
1500000US360850070000,360850070000,"Block Group 0, Census Tract 70, Richmond County, New York",0,11
1500000US360850070001,360850070001,"Block Group 1, Census Tract 70, Richmond County, New York",3843,963
1500000US360850070002,360850070002,"Block Group 2, Census Tract 70, Richmond County, New York",1347,431
1500000US360850070003,360850070003,"Block Group 3, Census Tract 70, Richmond County, New York",1666,614
1500000US360850070004,360850070004,"Block Group 4, Census Tract 70, Richmond County, New York",2086,565
1500000US360850074000,360850074000,"Block Group 0, Census Tract 74, Richmond County, New York",0,11
1500000US360850074001,360850074001,"Block Group 1, Census Tract 74, Richmond County, New York",1939,467
1500000US360850074002,360850074002,"Block Group 2, Census Tract 74, Richmond County, New York",2734,453
1500000US360850075001,360850075001,"Block Group 1, Census Tract 75, Richmond County, New York",1268,470
1500000US360850075002,360850075002,"Block Group 2, Census Tract 75, Richmond County, New York",1487,365
1500000US360850075003,360850075003,"Block Group 3, Census Tract 75, Richmond County, New York",1558,370
1500000US360850077001,360850077001,"Block Group 1, Census Tract 77, Richmond County, New York",1497,249
1500000US360850081000,360850081000,"Block Group 0, Census Tract 81, Richmond County, New York",0,11
1500000US360850081001,360850081001,"Block Group 1, Census Tract 81, Richmond County, New York",1791,432
1500000US360850081002,360850081002,"Block Group 2, Census Tract 81, Richmond County, New York",1252,230
1500000US360850081003,360850081003,"Block Group 3, Census Tract 81, Richmond County, New York",1330,418
1500000US360850096011,360850096011,"Block Group 1, Census Tract 96.01, Richmond County, New York",1572,292
1500000US360850096012,360850096012,"Block Group 2, Census Tract 96.01, Richmond County, New York",2272,409
1500000US360850096021,360850096021,"Block Group 1, Census Tract 96.02, Richmond County, New York",1304,292
1500000US360850096022,360850096022,"Block Group 2, Census Tract 96.02, Richmond County, New York",1019,269
1500000US360850096023,360850096023,"Block Group 3, Census Tract 96.02, Richmond County, New York",1104,320
1500000US360850097000,360850097000,"Block Group 0, Census Tract 97, Richmond County, New York",0,11
1500000US360850097001,360850097001,"Block Group 1, Census Tract 97, Richmond County, New York",1780,367
1500000US360850097002,360850097002,"Block Group 2, Census Tract 97, Richmond County, New York",1453,347
1500000US360850097003,360850097003,"Block Group 3, Census Tract 97, Richmond County, New York",1163,286
1500000US360850105001,360850105001,"Block Group 1, Census Tract 105, Richmond County, New York",457,137
1500000US360850105002,360850105002,"Block Group 2, Census Tract 105, Richmond County, New York",1095,378
1500000US360850105003,360850105003,"Block Group 3, Census Tract 105, Richmond County, New York",758,201
1500000US360850105004,360850105004,"Block Group 4, Census Tract 105, Richmond County, New York",1483,360
1500000US360850105005,360850105005,"Block Group 5, Census Tract 105, Richmond County, New York",1093,368
1500000US360850112010,360850112010,"Block Group 0, Census Tract 112.01, Richmond County, New York",0,11
1500000US360850112011,360850112011,"Block Group 1, Census Tract 112.01, Richmond County, New York",2451,470
1500000US360850112012,360850112012,"Block Group 2, Census Tract 112.01, Richmond County, New York",3395,608
1500000US360850112020,360850112020,"Block Group 0, Census Tract 112.02, Richmond County, New York",0,11
1500000US360850112021,360850112021,"Block Group 1, Census Tract 112.02, Richmond County, New York",2248,566
1500000US360850112022,360850112022,"Block Group 2, Census Tract 112.02, Richmond County, New York",2244,850
1500000US360850112023,360850112023,"Block Group 3, Census Tract 112.02, Richmond County, New York",1185,374
1500000US360850112024,360850112024,"Block Group 4, Census Tract 112.02, Richmond County, New York",0,11
1500000US360850114011,360850114011,"Block Group 1, Census Tract 114.01, Richmond County, New York",564,176
1500000US360850114012,360850114012,"Block Group 2, Census Tract 114.01, Richmond County, New York",2304,299
1500000US360850114021,360850114021,"Block Group 1, Census Tract 114.02, Richmond County, New York",901,243
1500000US360850114022,360850114022,"Block Group 2, Census Tract 114.02, Richmond County, New York",1184,349
1500000US360850114023,360850114023,"Block Group 3, Census Tract 114.02, Richmond County, New York",1756,355
1500000US360850121001,360850121001,"Block Group 1, Census Tract 121, Richmond County, New York",1219,192
1500000US360850121002,360850121002,"Block Group 2, Census Tract 121, Richmond County, New York",1069,305
1500000US360850121003,360850121003,"Block Group 3, Census Tract 121, Richmond County, New York",1034,215
1500000US360850122001,360850122001,"Block Group 1, Census Tract 122, Richmond County, New York",991,260
1500000US360850122002,360850122002,"Block Group 2, Census Tract 122, Richmond County, New York",878,272
1500000US360850122003,360850122003,"Block Group 3, Census Tract 122, Richmond County, New York",949,228
1500000US360850122004,360850122004,"Block Group 4, Census Tract 122, Richmond County, New York",1040,319
1500000US360850125001,360850125001,"Block Group 1, Census Tract 125, Richmond County, New York",1281,313
1500000US360850125002,360850125002,"Block Group 2, Census Tract 125, Richmond County, New York",991,256
1500000US360850125003,360850125003,"Block Group 3, Census Tract 125, Richmond County, New York",737,204
1500000US360850128040,360850128040,"Block Group 0, Census Tract 128.04, Richmond County, New York",0,11
1500000US360850128041,360850128041,"Block Group 1, Census Tract 128.04, Richmond County, New York",2762,482
1500000US360850128042,360850128042,"Block Group 2, Census Tract 128.04, Richmond County, New York",1366,391
1500000US360850128050,360850128050,"Block Group 0, Census Tract 128.05, Richmond County, New York",0,11
1500000US360850128051,360850128051,"Block Group 1, Census Tract 128.05, Richmond County, New York",2765,414
1500000US360850128060,360850128060,"Block Group 0, Census Tract 128.06, Richmond County, New York",0,11
1500000US360850128061,360850128061,"Block Group 1, Census Tract 128.06, Richmond County, New York",749,327
1500000US360850128062,360850128062,"Block Group 2, Census Tract 128.06, Richmond County, New York",803,317
1500000US360850128063,360850128063,"Block Group 3, Census Tract 128.06, Richmond County, New York",1574,383
1500000US360850128064,360850128064,"Block Group 4, Census Tract 128.06, Richmond County, New York",2474,481
1500000US360850132011,360850132011,"Block Group 1, Census Tract 132.01, Richmond County, New York",669,113
1500000US360850132012,360850132012,"Block Group 2, Census Tract 132.01, Richmond County, New York",910,133
1500000US360850132031,360850132031,"Block Group 1, Census Tract 132.03, Richmond County, New York",1323,355
1500000US360850132032,360850132032,"Block Group 2, Census Tract 132.03, Richmond County, New York",2239,446
1500000US360850132033,360850132033,"Block Group 3, Census Tract 132.03, Richmond County, New York",2112,469
1500000US360850132041,360850132041,"Block Group 1, Census Tract 132.04, Richmond County, New York",1232,307
1500000US360850132042,360850132042,"Block Group 2, Census Tract 132.04, Richmond County, New York",2357,421
1500000US360850132043,360850132043,"Block Group 3, Census Tract 132.04, Richmond County, New York",990,250
1500000US360850133011,360850133011,"Block Group 1, Census Tract 133.01, Richmond County, New York",1469,243
1500000US360850133021,360850133021,"Block Group 1, Census Tract 133.02, Richmond County, New York",649,298
1500000US360850133022,360850133022,"Block Group 2, Census Tract 133.02, Richmond County, New York",885,373
1500000US360850133023,360850133023,"Block Group 3, Census Tract 133.02, Richmond County, New York",1493,431
1500000US360850134001,360850134001,"Block Group 1, Census Tract 134, Richmond County, New York",1538,377
1500000US360850134002,360850134002,"Block Group 2, Census Tract 134, Richmond County, New York",1017,203
1500000US360850134003,360850134003,"Block Group 3, Census Tract 134, Richmond County, New York",1299,264
1500000US360850138001,360850138001,"Block Group 1, Census Tract 138, Richmond County, New York",897,242
1500000US360850138002,360850138002,"Block Group 2, Census Tract 138, Richmond County, New York",1349,389
1500000US360850138003,360850138003,"Block Group 3, Census Tract 138, Richmond County, New York",1646,366
1500000US360850138004,360850138004,"Block Group 4, Census Tract 138, Richmond County, New York",1225,375
1500000US360850138005,360850138005,"Block Group 5, Census Tract 138, Richmond County, New York",978,287
1500000US360850141001,360850141001,"Block Group 1, Census Tract 141, Richmond County, New York",1241,192
1500000US360850141002,360850141002,"Block Group 2, Census Tract 141, Richmond County, New York",1118,284
1500000US360850146041,360850146041,"Block Group 1, Census Tract 146.04, Richmond County, New York",1759,568
1500000US360850146042,360850146042,"Block Group 2, Census Tract 146.04, Richmond County, New York",1927,496
1500000US360850146043,360850146043,"Block Group 3, Census Tract 146.04, Richmond County, New York",2034,505
1500000US360850146044,360850146044,"Block Group 4, Census Tract 146.04, Richmond County, New York",1121,355
1500000US360850146051,360850146051,"Block Group 1, Census Tract 146.05, Richmond County, New York",1677,233
1500000US360850146052,360850146052,"Block Group 2, Census Tract 146.05, Richmond County, New York",2210,319
1500000US360850146061,360850146061,"Block Group 1, Census Tract 146.06, Richmond County, New York",2131,600
1500000US360850146062,360850146062,"Block Group 2, Census Tract 146.06, Richmond County, New York",2204,530
1500000US360850146063,360850146063,"Block Group 3, Census Tract 146.06, Richmond County, New York",1407,396
1500000US360850146064,360850146064,"Block Group 4, Census Tract 146.06, Richmond County, New York",1441,440
1500000US360850146071,360850146071,"Block Group 1, Census Tract 146.07, Richmond County, New York",3513,378
1500000US360850146072,360850146072,"Block Group 2, Census Tract 146.07, Richmond County, New York",1239,253
1500000US360850146081,360850146081,"Block Group 1, Census Tract 146.08, Richmond County, New York",1906,341
1500000US360850146082,360850146082,"Block Group 2, Census Tract 146.08, Richmond County, New York",2021,350
1500000US360850147001,360850147001,"Block Group 1, Census Tract 147, Richmond County, New York",758,221
1500000US360850147002,360850147002,"Block Group 2, Census Tract 147, Richmond County, New York",1860,310
1500000US360850147003,360850147003,"Block Group 3, Census Tract 147, Richmond County, New York",792,197
1500000US360850151001,360850151001,"Block Group 1, Census Tract 151, Richmond County, New York",1545,421
1500000US360850151002,360850151002,"Block Group 2, Census Tract 151, Richmond County, New York",680,336
1500000US360850151003,360850151003,"Block Group 3, Census Tract 151, Richmond County, New York",1049,524
1500000US360850151004,360850151004,"Block Group 4, Census Tract 151, Richmond County, New York",1038,389
1500000US360850151005,360850151005,"Block Group 5, Census Tract 151, Richmond County, New York",843,386
1500000US360850154000,360850154000,"Block Group 0, Census Tract 154, Richmond County, New York",0,11
1500000US360850154001,360850154001,"Block Group 1, Census Tract 154, Richmond County, New York",0,11
1500000US360850156011,360850156011,"Block Group 1, Census Tract 156.01, Richmond County, New York",1642,319
1500000US360850156012,360850156012,"Block Group 2, Census Tract 156.01, Richmond County, New York",901,271
1500000US360850156013,360850156013,"Block Group 3, Census Tract 156.01, Richmond County, New York",1359,349
1500000US360850156014,360850156014,"Block Group 4, Census Tract 156.01, Richmond County, New York",939,344
1500000US360850156015,360850156015,"Block Group 5, Census Tract 156.01, Richmond County, New York",866,238
1500000US360850156016,360850156016,"Block Group 6, Census Tract 156.01, Richmond County, New York",970,366
1500000US360850156021,360850156021,"Block Group 1, Census Tract 156.02, Richmond County, New York",876,197
1500000US360850156022,360850156022,"Block Group 2, Census Tract 156.02, Richmond County, New York",793,200
1500000US360850156023,360850156023,"Block Group 3, Census Tract 156.02, Richmond County, New York",772,235
1500000US360850156024,360850156024,"Block Group 4, Census Tract 156.02, Richmond County, New York",981,190
1500000US360850156030,360850156030,"Block Group 0, Census Tract 156.03, Richmond County, New York",0,11
1500000US360850156031,360850156031,"Block Group 1, Census Tract 156.03, Richmond County, New York",1368,405
1500000US360850156032,360850156032,"Block Group 2, Census Tract 156.03, Richmond County, New York",1476,263
1500000US360850156033,360850156033,"Block Group 3, Census Tract 156.03, Richmond County, New York",1817,313
1500000US360850169011,360850169011,"Block Group 1, Census Tract 169.01, Richmond County, New York",1141,260
1500000US360850169012,360850169012,"Block Group 2, Census Tract 169.01, Richmond County, New York",2001,276
1500000US360850170051,360850170051,"Block Group 1, Census Tract 170.05, Richmond County, New York",2661,514
1500000US360850170052,360850170052,"Block Group 2, Census Tract 170.05, Richmond County, New York",2256,393
1500000US360850170071,360850170071,"Block Group 1, Census Tract 170.07, Richmond County, New York",2272,397
1500000US360850170072,360850170072,"Block Group 2, Census Tract 170.07, Richmond County, New York",3199,598
1500000US360850170081,360850170081,"Block Group 1, Census Tract 170.08, Richmond County, New York",2821,581
1500000US360850170082,360850170082,"Block Group 2, Census Tract 170.08, Richmond County, New York",2070,499
1500000US360850170083,360850170083,"Block Group 3, Census Tract 170.08, Richmond County, New York",2669,490
1500000US360850170091,360850170091,"Block Group 1, Census Tract 170.09, Richmond County, New York",1226,372
1500000US360850170092,360850170092,"Block Group 2, Census Tract 170.09, Richmond County, New York",1738,350
1500000US360850170093,360850170093,"Block Group 3, Census Tract 170.09, Richmond County, New York",1562,269
1500000US360850170101,360850170101,"Block Group 1, Census Tract 170.10, Richmond County, New York",2452,508
1500000US360850170102,360850170102,"Block Group 2, Census Tract 170.10, Richmond County, New York",2014,523
1500000US360850170103,360850170103,"Block Group 3, Census Tract 170.10, Richmond County, New York",3318,545
1500000US360850170104,360850170104,"Block Group 4, Census Tract 170.10, Richmond County, New York",1141,307
1500000US360850170111,360850170111,"Block Group 1, Census Tract 170.11, Richmond County, New York",2611,268
1500000US360850170112,360850170112,"Block Group 2, Census Tract 170.11, Richmond County, New York",1872,292
1500000US360850170121,360850170121,"Block Group 1, Census Tract 170.12, Richmond County, New York",1573,334
1500000US360850170122,360850170122,"Block Group 2, Census Tract 170.12, Richmond County, New York",1689,292
1500000US360850170123,360850170123,"Block Group 3, Census Tract 170.12, Richmond County, New York",1264,255
1500000US360850173001,360850173001,"Block Group 1, Census Tract 173, Richmond County, New York",1529,228
1500000US360850173002,360850173002,"Block Group 2, Census Tract 173, Richmond County, New York",1057,151
1500000US360850176000,360850176000,"Block Group 0, Census Tract 176, Richmond County, New York",0,11
1500000US360850176001,360850176001,"Block Group 1, Census Tract 176, Richmond County, New York",1317,234
1500000US360850176002,360850176002,"Block Group 2, Census Tract 176, Richmond County, New York",682,211
1500000US360850176003,360850176003,"Block Group 3, Census Tract 176, Richmond County, New York",1381,361
1500000US360850176004,360850176004,"Block Group 4, Census Tract 176, Richmond County, New York",1387,453
1500000US360850177001,360850177001,"Block Group 1, Census Tract 177, Richmond County, New York",365,172
1500000US360850177002,360850177002,"Block Group 2, Census Tract 177, Richmond County, New York",1902,568
1500000US360850177003,360850177003,"Block Group 3, Census Tract 177, Richmond County, New York",1868,586
1500000US360850177004,360850177004,"Block Group 4, Census Tract 177, Richmond County, New York",1515,410
1500000US360850177005,360850177005,"Block Group 5, Census Tract 177, Richmond County, New York",825,253
1500000US360850177006,360850177006,"Block Group 6, Census Tract 177, Richmond County, New York",247,189
1500000US360850181001,360850181001,"Block Group 1, Census Tract 181, Richmond County, New York",446,150
1500000US360850181002,360850181002,"Block Group 2, Census Tract 181, Richmond County, New York",2063,336
1500000US360850181003,360850181003,"Block Group 3, Census Tract 181, Richmond County, New York",687,199
1500000US360850187011,360850187011,"Block Group 1, Census Tract 187.01, Richmond County, New York",906,171
1500000US360850187012,360850187012,"Block Group 2, Census Tract 187.01, Richmond County, New York",852,143
1500000US360850187021,360850187021,"Block Group 1, Census Tract 187.02, Richmond County, New York",2105,567
1500000US360850187022,360850187022,"Block Group 2, Census Tract 187.02, Richmond County, New York",2023,570
1500000US360850187023,360850187023,"Block Group 3, Census Tract 187.02, Richmond County, New York",1154,418
1500000US360850187024,360850187024,"Block Group 4, Census Tract 187.02, Richmond County, New York",2047,481
1500000US360850189011,360850189011,"Block Group 1, Census Tract 189.01, Richmond County, New York",2577,525
1500000US360850189012,360850189012,"Block Group 2, Census Tract 189.01, Richmond County, New York",2665,509
1500000US360850189021,360850189021,"Block Group 1, Census Tract 189.02, Richmond County, New York",909,192
1500000US360850189022,360850189022,"Block Group 2, Census Tract 189.02, Richmond County, New York",1946,419
1500000US360850189023,360850189023,"Block Group 3, Census Tract 189.02, Richmond County, New York",2272,345
1500000US360850197001,360850197001,"Block Group 1, Census Tract 197, Richmond County, New York",980,126
1500000US360850197002,360850197002,"Block Group 2, Census Tract 197, Richmond County, New York",832,132
1500000US360850198000,360850198000,"Block Group 0, Census Tract 198, Richmond County, New York",0,11
1500000US360850198001,360850198001,"Block Group 1, Census Tract 198, Richmond County, New York",99,83
1500000US360850198002,360850198002,"Block Group 2, Census Tract 198, Richmond County, New York",3036,458
1500000US360850198003,360850198003,"Block Group 3, Census Tract 198, Richmond County, New York",1392,348
1500000US360850198004,360850198004,"Block Group 4, Census Tract 198, Richmond County, New York",2056,409
1500000US360850201001,360850201001,"Block Group 1, Census Tract 201, Richmond County, New York",1409,283
1500000US360850201002,360850201002,"Block Group 2, Census Tract 201, Richmond County, New York",997,234
1500000US360850201003,360850201003,"Block Group 3, Census Tract 201, Richmond County, New York",1206,273
1500000US360850207000,360850207000,"Block Group 0, Census Tract 207, Richmond County, New York",0,11
1500000US360850207001,360850207001,"Block Group 1, Census Tract 207, Richmond County, New York",1575,324
1500000US360850207002,360850207002,"Block Group 2, Census Tract 207, Richmond County, New York",883,301
1500000US360850207003,360850207003,"Block Group 3, Census Tract 207, Richmond County, New York",1086,315
1500000US360850207004,360850207004,"Block Group 4, Census Tract 207, Richmond County, New York",2004,522
1500000US360850208011,360850208011,"Block Group 1, Census Tract 208.01, Richmond County, New York",2094,616
1500000US360850208012,360850208012,"Block Group 2, Census Tract 208.01, Richmond County, New York",2688,531
1500000US360850208013,360850208013,"Block Group 3, Census Tract 208.01, Richmond County, New York",2086,479
1500000US360850208014,360850208014,"Block Group 4, Census Tract 208.01, Richmond County, New York",2409,517
1500000US360850208031,360850208031,"Block Group 1, Census Tract 208.03, Richmond County, New York",1720,424
1500000US360850208032,360850208032,"Block Group 2, Census Tract 208.03, Richmond County, New York",2971,551
1500000US360850208033,360850208033,"Block Group 3, Census Tract 208.03, Richmond County, New York",1580,489
1500000US360850208041,360850208041,"Block Group 1, Census Tract 208.04, Richmond County, New York",2563,355
1500000US360850208042,360850208042,"Block Group 2, Census Tract 208.04, Richmond County, New York",1869,334
1500000US360850208043,360850208043,"Block Group 3, Census Tract 208.04, Richmond County, New York",1417,341
1500000US360850213001,360850213001,"Block Group 1, Census Tract 213, Richmond County, New York",1175,433
1500000US360850213002,360850213002,"Block Group 2, Census Tract 213, Richmond County, New York",821,449
1500000US360850213003,360850213003,"Block Group 3, Census Tract 213, Richmond County, New York",1128,340
1500000US360850213004,360850213004,"Block Group 4, Census Tract 213, Richmond County, New York",792,360
1500000US360850213005,360850213005,"Block Group 5, Census Tract 213, Richmond County, New York",852,340
1500000US360850223000,360850223000,"Block Group 0, Census Tract 223, Richmond County, New York",0,11
1500000US360850223001,360850223001,"Block Group 1, Census Tract 223, Richmond County, New York",1146,215
1500000US360850223002,360850223002,"Block Group 2, Census Tract 223, Richmond County, New York",1395,297
1500000US360850223003,360850223003,"Block Group 3, Census Tract 223, Richmond County, New York",0,11
1500000US360850226000,360850226000,"Block Group 0, Census Tract 226, Richmond County, New York",0,11
1500000US360850226001,360850226001,"Block Group 1, Census Tract 226, Richmond County, New York",973,520
1500000US360850226002,360850226002,"Block Group 2, Census Tract 226, Richmond County, New York",2405,560
1500000US360850226003,360850226003,"Block Group 3, Census Tract 226, Richmond County, New York",3817,768
1500000US360850226004,360850226004,"Block Group 4, Census Tract 226, Richmond County, New York",1793,649
1500000US360850228000,360850228000,"Block Group 0, Census Tract 228, Richmond County, New York",0,11
1500000US360850228001,360850228001,"Block Group 1, Census Tract 228, Richmond County, New York",41,39
1500000US360850231001,360850231001,"Block Group 1, Census Tract 231, Richmond County, New York",3493,547
1500000US360850231002,360850231002,"Block Group 2, Census Tract 231, Richmond County, New York",843,322
1500000US360850239001,360850239001,"Block Group 1, Census Tract 239, Richmond County, New York",2189,592
1500000US360850239002,360850239002,"Block Group 2, Census Tract 239, Richmond County, New York",1589,403
1500000US360850244010,360850244010,"Block Group 0, Census Tract 244.01, Richmond County, New York",0,11
1500000US360850244011,360850244011,"Block Group 1, Census Tract 244.01, Richmond County, New York",1763,541
1500000US360850244012,360850244012,"Block Group 2, Census Tract 244.01, Richmond County, New York",2210,611
1500000US360850244013,360850244013,"Block Group 3, Census Tract 244.01, Richmond County, New York",2298,525
1500000US360850244020,360850244020,"Block Group 0, Census Tract 244.02, Richmond County, New York",0,11
1500000US360850244021,360850244021,"Block Group 1, Census Tract 244.02, Richmond County, New York",2268,397
1500000US360850244022,360850244022,"Block Group 2, Census Tract 244.02, Richmond County, New York",2151,409
1500000US360850247001,360850247001,"Block Group 1, Census Tract 247, Richmond County, New York",1395,312
1500000US360850247002,360850247002,"Block Group 2, Census Tract 247, Richmond County, New York",1229,210
1500000US360850248000,360850248000,"Block Group 0, Census Tract 248, Richmond County, New York",0,11
1500000US360850248001,360850248001,"Block Group 1, Census Tract 248, Richmond County, New York",1461,398
1500000US360850248002,360850248002,"Block Group 2, Census Tract 248, Richmond County, New York",2057,382
1500000US360850248003,360850248003,"Block Group 3, Census Tract 248, Richmond County, New York",1598,374
1500000US360850251001,360850251001,"Block Group 1, Census Tract 251, Richmond County, New York",2756,504
1500000US360850251002,360850251002,"Block Group 2, Census Tract 251, Richmond County, New York",1344,470
1500000US360850251003,360850251003,"Block Group 3, Census Tract 251, Richmond County, New York",2101,501
1500000US360850273011,360850273011,"Block Group 1, Census Tract 273.01, Richmond County, New York",1046,281
1500000US360850273012,360850273012,"Block Group 2, Census Tract 273.01, Richmond County, New York",2892,360
1500000US360850273021,360850273021,"Block Group 1, Census Tract 273.02, Richmond County, New York",1919,364
1500000US360850273022,360850273022,"Block Group 2, Census Tract 273.02, Richmond County, New York",1481,352
1500000US360850277021,360850277021,"Block Group 1, Census Tract 277.02, Richmond County, New York",3174,518
1500000US360850277022,360850277022,"Block Group 2, Census Tract 277.02, Richmond County, New York",1859,457
1500000US360850277023,360850277023,"Block Group 3, Census Tract 277.02, Richmond County, New York",1648,399
1500000US360850277041,360850277041,"Block Group 1, Census Tract 277.04, Richmond County, New York",1894,364
1500000US360850277042,360850277042,"Block Group 2, Census Tract 277.04, Richmond County, New York",2393,415
1500000US360850277051,360850277051,"Block Group 1, Census Tract 277.05, Richmond County, New York",2705,371
1500000US360850277052,360850277052,"Block Group 2, Census Tract 277.05, Richmond County, New York",1190,332
1500000US360850277053,360850277053,"Block Group 3, Census Tract 277.05, Richmond County, New York",1859,439
1500000US360850277061,360850277061,"Block Group 1, Census Tract 277.06, Richmond County, New York",1669,460
1500000US360850277062,360850277062,"Block Group 2, Census Tract 277.06, Richmond County, New York",1107,302
1500000US360850277063,360850277063,"Block Group 3, Census Tract 277.06, Richmond County, New York",728,238
1500000US360850279001,360850279001,"Block Group 1, Census Tract 279, Richmond County, New York",882,131
1500000US360850279002,360850279002,"Block Group 2, Census Tract 279, Richmond County, New York",1250,228
1500000US360850291020,360850291020,"Block Group 0, Census Tract 291.02, Richmond County, New York",0,11
1500000US360850291021,360850291021,"Block Group 1, Census Tract 291.02, Richmond County, New York",922,215
1500000US360850291022,360850291022,"Block Group 2, Census Tract 291.02, Richmond County, New York",1982,230
1500000US360850291031,360850291031,"Block Group 1, Census Tract 291.03, Richmond County, New York",1396,403
1500000US360850291032,360850291032,"Block Group 2, Census Tract 291.03, Richmond County, New York",1369,543
1500000US360850291033,360850291033,"Block Group 3, Census Tract 291.03, Richmond County, New York",1582,586
1500000US360850291034,360850291034,"Block Group 4, Census Tract 291.03, Richmond County, New York",1633,492
1500000US360850291035,360850291035,"Block Group 5, Census Tract 291.03, Richmond County, New York",1795,454
1500000US360850291041,360850291041,"Block Group 1, Census Tract 291.04, Richmond County, New York",2129,565
1500000US360850291042,360850291042,"Block Group 2, Census Tract 291.04, Richmond County, New York",1638,452
1500000US360850291043,360850291043,"Block Group 3, Census Tract 291.04, Richmond County, New York",2419,613
1500000US360850291044,360850291044,"Block Group 4, Census Tract 291.04, Richmond County, New York",1621,364
1500000US360850303011,360850303011,"Block Group 1, Census Tract 303.01, Richmond County, New York",2642,461
1500000US360850303012,360850303012,"Block Group 2, Census Tract 303.01, Richmond County, New York",2255,452
1500000US360850303021,360850303021,"Block Group 1, Census Tract 303.02, Richmond County, New York",1430,487
1500000US360850303022,360850303022,"Block Group 2, Census Tract 303.02, Richmond County, New York",2406,465
1500000US360850303023,360850303023,"Block Group 3, Census Tract 303.02, Richmond County, New York",1897,444
1500000US360850303024,360850303024,"Block Group 4, Census Tract 303.02, Richmond County, New York",409,241
1500000US360850319011,360850319011,"Block Group 1, Census Tract 319.01, Richmond County, New York",1608,332
1500000US360850319012,360850319012,"Block Group 2, Census Tract 319.01, Richmond County, New York",956,296
1500000US360850319020,360850319020,"Block Group 0, Census Tract 319.02, Richmond County, New York",0,11
1500000US360850319021,360850319021,"Block Group 1, Census Tract 319.02, Richmond County, New York",1876,407
1500000US360850319022,360850319022,"Block Group 2, Census Tract 319.02, Richmond County, New York",1293,395
1500000US360850319023,360850319023,"Block Group 3, Census Tract 319.02, Richmond County, New York",1311,414
1500000US360850323000,360850323000,"Block Group 0, Census Tract 323, Richmond County, New York",0,11
1500000US360850323001,360850323001,"Block Group 1, Census Tract 323, Richmond County, New York",1218,112
1500000US360859901000,360859901000,"Block Group 0, Census Tract 9901, Richmond County, New York",0,11
